{
    "end_x": [
        3.3219779931575526,
        3.392103002399369,
        3.337918790238111,
        3.180825262091548,
        -0.8936407611596727,
        2.6442946559284497,
        2.4741980757799698,
        2.352130641049961,
        2.293556235800326,
        2.2839628347301657,
        -0.7043511858851828,
        -0.773699228876719,
        -0.8702007475824376,
        -0.9660409580547994,
        -1.035320722218493,
        -1.065970922002429,
        -1.081542065053815,
        -1.108959820391366,
        0.953851860153758,
        3.9346922809306975,
        -0.90054851634665,
        -3.6935771411321547,
        -2.1297576065800157,
        -1.1656858813193565,
        -2.4152092040809667,
        -1.2018723952716386,
        2.2756480219548894,
        1.3323658004638421,
        334.8394216071246,
        1.7643520140269298,
        1.6812143512174247,
        -2.7103227727521544,
        0.5775413589584903,
        -1.5382884277694737,
        -1.6700443758393386,
        -1.529808434496613,
        -1.1917840294424347,
        -0.38598851605080065,
        -2.6685481895490533,
        -1.1754971089087207
    ],
    "end_y": [
        3.585856835738592,
        3.595357319269979,
        3.5594605022895207,
        3.4829441632220592,
        1.9569015338719695,
        3.350854147259786,
        3.2893758799100765,
        3.2315909565183016,
        3.185086206473673,
        3.1847915551100647,
        1.9768944764216736,
        1.9959257354802333,
        1.9838186460652287,
        1.9315190887185272,
        1.8456276730715373,
        1.7645513229171748,
        1.688338413611405,
        1.632614453925351,
        2.4946035652114964,
        3.8941204802067526,
        1.452011719243809,
        2.2466027566581506,
        0.08358418174403391,
        1.8550447349151613,
        2.202327365972156,
        1.8941043977469332,
        2.8825705652558624,
        2.2038585341049632,
        6.547881948538992,
        2.0027424345645337,
        2.223315475762598,
        2.9982747006691604,
        2.9829069131229375,
        1.8040674143217186,
        1.878628354717268,
        1.6723520421292235,
        2.006958715897663,
        1.7943385607354687,
        2.0273191027393604,
        5.273193576429565
    ],
    "end_z": [
        -7.649915243376171,
        -7.910725741667194,
        -7.623837452120885,
        -6.921648387995427,
        -0.3480277175986523,
        -4.780736730409632,
        -4.053885590437322,
        -3.4970076310108507,
        -3.157211808264174,
        -3.1040387123559396,
        -0.5031868895270686,
        -0.3961008265450807,
        -0.2722465128562708,
        -0.17686529257086067,
        -0.10207397338028733,
        -0.031318490763940554,
        0.02892833988105728,
        0.057644537397166594,
        3.928817920027763,
        -10.282240454647184,
        -0.9449070994378415,
        3.9471172375769674,
        13.429036915174022,
        3.4064700192312003,
        0.5855662619596523,
        -0.6293263479959185,
        2.829662649997209,
        3.443953470097257,
        48.78350902201997,
        3.8199557118873435,
        3.7467509134550254,
        6.3828053041701205,
        3.9151967652224555,
        -0.12274171184362695,
        0.17944510636383137,
        0.8007800634779941,
        3.184031149229687,
        3.340383437599815,
        3.3480853001389024,
        3.08540309520262
    ],
    "knob_x": [
        2.9425672919232677,
        2.92798737939405,
        2.927257972805058,
        2.904454673920091,
        -0.4771647186621922,
        2.9752520232757154,
        2.9701681722979947,
        3.0131382325025915,
        2.983165715483417,
        2.872339588350622,
        -0.49594217891891046,
        -0.48345479956284876,
        -0.5122079428360663,
        -0.6009019797018589,
        -0.6770180103907139,
        -0.6947256596086402,
        -0.6994364691009287,
        -0.7212965023741295,
        1.9705575688453798,
        2.9658970417645847,
        -0.5231446564128238,
        -3.2008221354053807,
        -8.68802871156727,
        -0.47958253919668536,
        -2.4025922871218213,
        -1.1107664976399043,
        1.2210338997265442,
        -0.4097693628133085,
        -40.16886772525508,
        0.9855321111300521,
        0.8473058572880756,
        -2.4547983834939675,
        0.36943672690382745,
        -1.283854919568838,
        -1.226467632983785,
        -1.1996085239699146,
        -0.3866161266124559,
        -0.6949365830429244,
        -2.6524551613202303,
        -1.1754971089087207
    ],
    "knob_y": [
        3.262387093911549,
        3.249208177406563,
        3.250298471075687,
        3.0958060305270316,
        1.3743606833554112,
        3.1065822533805445,
        3.1495204343157313,
        3.1615358674889085,
        3.373261815600279,
        3.2575775065885466,
        1.3886919900089891,
        1.396903134100401,
        1.449599999482476,
        1.5445689797797513,
        1.5643271637354588,
        1.5065970610402057,
        1.5224840335484933,
        1.5012969270367367,
        2.5430067747162406,
        3.298020412180765,
        1.152751240487853,
        2.158015557572259,
        -2.8134496967327722,
        1.8098848037438109,
        2.135384362163743,
        1.7006414827528835,
        2.5991807540682332,
        2.2954657163809937,
        2.1764411939718205,
        2.40861986424944,
        2.4094843573043967,
        3.026205174124471,
        2.3010063810410113,
        1.5691588478974994,
        1.5313972118402162,
        1.5721032952774767,
        1.7814560403666675,
        1.7781920153705058,
        2.0511991655377178,
        5.273193576429565
    ],
    "knob_z": [
        -5.154356046838798,
        -5.086686291881747,
        -5.071110329090809,
        -4.438509895239431,
        -0.3083243216086178,
        -4.676478773297793,
        -4.775600241454648,
        -4.9288499119366085,
        -5.382597105558118,
        -4.846332863751684,
        -0.4143470641505748,
        -0.4475958136737247,
        -0.47418540874111864,
        -0.4480565328766172,
        -0.34904861811712806,
        -0.3864165783563938,
        -0.3331658537204223,
        -0.33440115381499075,
        3.259989029858194,
        -5.496602818494509,
        -0.4543274956255656,
        3.9676501905030297,
        36.157500445378524,
        3.4241628806222573,
        1.1021308925181248,
        0.09303500226768387,
        3.67232696432015,
        3.2378452614494804,
        -4.3107091447818435,
        3.963095778756578,
        4.0649046371101765,
        6.1366516748513,
        4.490031491160268,
        0.2690034080079982,
        0.4228287320766649,
        0.42271961203416797,
        3.404978030006134,
        3.4530924349961074,
        2.6823832951446502,
        3.08540309520262
    ],
    "data": "2024/05/21 16:06:05"
}